0,DAY,*,*,Today is <date format="%A" jformat="EEEEEEEEEE"/>,date.aiml
0,YEAR,*,*,This is <date format="%Y" jformat="YYYY"/>,date.aiml
0,MONTH,*,*,This is <date format="%B" jformat="MMMMMMMMM"/>,date.aiml
0,TIME,*,*,The time is <date format="%I:%M %p" jformat="h:mm a"/>,date.aiml
0,DATE,*,*,Today is <date format="%B %d#Comma %Y" jformat="MMMMMMMMM dd#Comma YYYY"/>,date.aiml
0,DATE AND TIME,*,*,The date and time is <date/>,date.aiml
0,HOW MANY DAYS UNTIL DURGA PUJA,*,*,<interval>#Newline<jformat>MMMMMMMMM dd</jformat>#Newline<style>days</style>#Newline<from><date jformat="MMMMMMMMM dd"/></from>#Newline<to>October 10</to>#Newline</interval>#Newlinedays until Durga Puja.,date.aiml
